year,population,industrial_output_per_capita,food_per_capita,resources,pollution,ecological_footprint
1900,1600000000,16.25,217.7,2000000000000,25000000,0.60
1900.5,1617990125,16.43,216.4,1999758451472,24763333,0.60
1901,1636118136,16.61,215.2,1999512329071,24537204,0.60
1901.5,1654384581,16.79,214.0,1999261549149,24321504,0.60
1902,1672790009,16.97,212.8,1999006026564,24116134,0.60
1902.5,1691334969,17.16,211.6,1998745674658,23920999,0.60
1903,1710020011,17.35,210.5,1998480405227,23736007,0.60
1903.5,1728845686,17.54,209.3,1998210128496,23561075,0.60
1904,1747812546,17.74,208.2,1997934753088,23396125,0.60
1904.5,1766921143,17.94,207.1,1997654186001,23241080,0.60
1905,1786172030,18.14,206.0,1997368332576,23095875,0.60
1905.5,1805565759,18.34,204.9,1997077096467,22960444,0.60
1906,1825102884,18.55,203.9,1996780379616,22834730,0.60
1906.5,1844783957,18.76,202.9,1996478082220,22718679,0.60
1907,1864609533,18.98,201.8,1996170102700,22612244,0.60
1907.5,1884580164,19.19,200.8,1995856337670,22515380,0.60
1908,1904696403,19.41,199.9,1995536681909,22428051,0.60
1908.5,1924958803,19.63,198.9,1995211028324,22350221,0.60
1909,1945367915,19.86,197.9,1994879267921,22281864,0.60
1909.5,1965924291,20.09,197.0,1994541289769,22222955,0.60
1910,1986628482,20.32,196.1,1994196980969,22173475,0.60
1910.5,2007481037,20.56,195.2,1993846226619,22133411,0.60
1911,2028482504,20.80,194.3,1993488909777,22102752,0.60
1911.5,2049633431,21.04,193.4,1993124911426,22081496,0.60
1912,2070934364,21.29,192.5,1992754110442,22069640,0.60
1912.5,2092385845,21.54,191.6,1992376383552,22067192,0.60
1913,2113988419,21.79,190.8,1991991605299,22074159,0.61
1913.5,2135742624,22.05,190.0,1991599648005,22090557,0.61
1914,2157648999,22.31,189.2,1991200381731,22116405,0.61
1914.5,2179708080,22.58,188.4,1990793674236,22151725,0.61
1915,2201920400,22.85,187.6,1990379390943,22196547,0.61
1915.5,2224286489,23.12,186.8,1989957394891,22250904,0.61
1916,2246806875,23.40,186.0,1989527546699,22314833,0.61
1916.5,2269482080,23.68,185.3,1989089704523,22388376,0.61
1917,2292312627,23.97,184.5,1988643724012,22471582,0.61
1917.5,2315299032,24.26,183.8,1988189458264,22564502,0.61
1918,2338441808,24.55,183.1,1987726757787,22667192,0.61
1918.5,2361741463,24.85,182.4,1987255470446,22779714,0.61
1919,2385198502,25.15,181.7,1986775441426,22902135,0.61
1919.5,2408813425,25.46,181.0,1986286513178,23034524,0.61
1920,2432586725,25.77,180.3,1985788525378,23176960,0.61
1920.5,2456518893,26.09,179.7,1985281314875,23329521,0.61
1921,2480610411,26.41,179.0,1984764715646,23492294,0.61
1921.5,2504861758,26.74,178.4,1984238558741,23665369,0.61
1922,2529273405,27.07,177.7,1983702672241,23848842,0.61
1922.5,2553845817,27.41,177.1,1983156881197,24042814,0.61
1923,2578579453,27.75,176.5,1982601007585,24247391,0.61
1923.5,2603474764,28.09,175.9,1982034870253,24462682,0.61
1924,2628532193,28.44,175.3,1981458284863,24688805,0.61
1924.5,2653752177,28.80,174.7,1980871063839,24925880,0.61
1925,2679135142,29.16,174.2,1980273016313,25174033,0.61
1925.5,2704681509,29.53,173.6,1979663948066,25433398,0.61
1926,2730391688,29.90,173.0,1979043661471,25704110,0.61
1926.5,2756266078,30.28,172.5,1978411955437,25986312,0.61
1927,2782305072,30.67,172.0,1977768625347,26280153,0.61
1927.5,2808509050,31.06,171.4,1977113462999,26585786,0.61
1928,2834878383,31.45,170.9,1976446256546,26903370,0.61
1928.5,2861413430,31.85,170.4,1975766790431,27233072,0.61
1929,2888114540,32.26,169.9,1975074845328,27575060,0.61
1929.5,2914982047,32.67,169.4,1974370198074,27929513,0.61
1930,2942016277,33.09,168.9,1973652621604,28296613,0.61
1930.5,2969217541,33.52,168.5,1972921884889,28676549,0.61
1931,2996586135,33.95,168.0,1972177752864,29069515,0.61
1931.5,3024122344,34.39,167.6,1971419986360,29475713,0.61
1932,3051826437,34.84,167.1,1970648342038,29895351,0.61
1932.5,3079698669,35.29,166.7,1969862572316,30328642,0.61
1933,3107739280,35.75,166.2,1969062425296,30775807,0.61
1933.5,3135948492,36.22,165.8,1968247644694,31237073,0.61
1934,3164326513,36.69,165.4,1967417969764,31712673,0.61
1934.5,3192873532,37.17,165.0,1966573135223,32202849,0.61
1935,3221589721,37.66,164.6,1965712871175,32707847,0.61
1935.5,3250475235,38.16,164.2,1964836903034,33227924,0.61
1936,3279530207,38.66,163.8,1963944951445,33763340,0.61
1936.5,3308754753,39.17,163.4,1963036732202,34314365,0.62
1937,3338148969,39.69,163.1,1962111956169,34881276,0.62
1937.5,3367712927,40.22,162.7,1961170329198,35464358,0.62
1938,3397446681,40.75,162.3,1960211552041,36063901,0.62
1938.5,3427350260,41.30,162.0,1959235320270,36680207,0.62
1939,3457423672,41.85,161.7,1958241324188,37313584,0.62
1939.5,3487666900,42.41,161.3,1957229248739,37964346,0.62
1940,3518079902,42.98,161.0,1956198773424,38632820,0.62
1940.5,3548662613,43.55,160.7,1955149572206,39319338,0.62
1941,3579414938,44.14,160.4,1954081313421,40024241,0.62
1941.5,3610336758,44.74,160.1,1952993659682,40747881,0.62
1942,3641427925,45.34,159.8,1951886267787,41490616,0.62
1942.5,3672688263,45.96,159.5,1950758788621,42252815,0.62
1943,3704117567,46.58,159.2,1949610867058,43034857,0.62
1943.5,3735715599,47.21,158.9,1948442141865,43837128,0.62
1944,3767482092,47.86,158.6,1947252245598,44660025,0.62
1944.5,3799416745,48.51,158.4,1946040804499,45503956,0.62
1945,3831519225,49.17,158.1,1944807438400,46369337,0.62
1945.5,3863789164,49.85,157.9,1943551760607,47256597,0.62
1946,3896226158,50.53,157.6,1942273377803,48166173,0.62
1946.5,3928829768,51.23,157.4,1940971889932,49098513,0.62
1947,3961599516,51.94,157.2,1939646890095,50054078,0.62
1947.5,3994534886,52.65,157.0,1938297964436,51033337,0.62
1948,4027635323,53.38,156.7,1936924692030,52036774,0.63
1948.5,4060900230,54.12,156.5,1935526644765,53064881,0.63
1949,4094328968,54.88,156.3,1934103387233,54118164,0.63
1949.5,4127920855,55.64,156.1,1932654476602,55197141,0.63
1950,4161675163,56.42,155.9,1931179462507,56302342,0.63
1950.5,4195591122,57.21,155.8,1929677886919,57434310,0.63
1951,4229667911,58.01,155.6,1928149284029,58593599,0.63
1951.5,4263904661,58.82,155.4,1926593180120,59780779,0.63
1952,4298300455,59.65,155.2,1925009093443,60996432,0.63
1952.5,4332854323,60.49,155.1,1923396534084,62241153,0.63
1953,4367565243,61.35,154.9,1921755003838,63515553,0.63
1953.5,4402432138,62.21,154.8,1920083996079,64820254,0.63
1954,4437453877,63.10,154.7,1918382995620,66155896,0.63
1954.5,4472629270,63.99,154.5,1916651478584,67523133,0.63
1955,4507957069,64.90,154.4,1914888912264,68922632,0.63
1955.5,4543435965,65.83,154.3,1913094754985,70355079,0.64
1956,4579064586,66.77,154.2,1911268455961,71821173,0.64
1956.5,4614841498,67.73,154.1,1909409455157,73321631,0.64
1957,4650765201,68.70,154.0,1907517183139,74857185,0.64
1957.5,4686834126,69.69,153.9,1905591060933,76428586,0.64
1958,4723046637,70.69,153.8,1903630499874,78036600,0.64
1958.5,4759401023,71.71,153.7,1901634901456,79682013,0.64
1959,4795895505,72.75,153.7,1899603657181,81365627,0.64
1959.5,4832528226,73.81,153.6,1897536148407,83088263,0.64
1960,4869297251,74.88,153.5,1895431746188,84850761,0.64
1960.5,4906200567,75.97,153.5,1893289811122,86653980,0.64
1961,4943236081,77.08,153.5,1891109693188,88498800,0.64
1961.5,4980401615,78.21,153.4,1888890731585,90386120,0.65
1962,5017694904,79.35,153.4,1886632254572,92316858,0.65
1962.5,5055113598,80.52,153.4,1884333579301,94291955,0.65
1963,5092655255,81.70,153.3,1881994011650,96312374,0.65
1963.5,5130317339,82.91,153.3,1879612846055,98379097,0.65
1964,5168097221,84.13,153.3,1877189365343,100493131,0.65
1964.5,5205992173,85.38,153.3,1874722840552,102655504,0.65
1965,5243999367,86.64,153.4,1872212530767,104867269,0.65
1965.5,5282115872,87.93,153.4,1869657682935,107129503,0.65
1966,5320338651,89.24,153.4,1867057531694,109443305,0.66
1966.5,5358664559,90.58,153.4,1864411299193,111809800,0.66
1967,5397090338,91.93,153.5,1861718194906,114230141,0.66
1967.5,5435612618,93.31,153.5,1858977415456,116705502,0.66
1968,5474227911,94.71,153.6,1856188144428,119237088,0.66
1968.5,5512932608,96.14,153.7,1853349552180,121826130,0.66
1969,5551722976,97.60,153.7,1850460795661,124473886,0.66
1969.5,5590595157,99.07,153.8,1847521018219,127181641,0.67
1970,5629545162,100.58,153.9,1844529349410,129950713,0.67
1970.5,5668568868,102.11,154.0,1841484904806,132782446,0.67
1971,5707662017,103.66,154.1,1838386785804,135678216,0.67
1971.5,5746820208,105.25,154.2,1835234079427,138639430,0.67
1972,5786038898,106.86,154.4,1832025858132,141667525,0.67
1972.5,5825313394,108.50,154.5,1828761179608,144763973,0.67
1973,5864638855,110.17,154.6,1825439086581,147930276,0.68
1973.5,5904010279,111.87,154.8,1822058606614,151167972,0.68
1974,5943422510,113.60,154.9,1818618751905,154478634,0.68
1974.5,5982870225,115.37,155.1,1815118519083,157863867,0.68
1975,6022347932,117.16,155.3,1811556889009,161325315,0.68
1975.5,6061849970,118.99,155.5,1807932826573,164864659,0.68
1976,6101370499,120.84,155.7,1804245280486,168483616,0.69
1976.5,6140903498,122.74,155.9,1800493183076,172183942,0.69
1977,6180442759,124.67,156.1,1796675450089,175967432,0.69
1977.5,6219981886,126.63,156.3,1792790980472,179835924,0.69
1978,6259514284,128.63,156.5,1788838656180,183791292,0.69
1978.5,6299033159,130.67,156.8,1784817341960,187835457,0.70
1979,6338531511,132.74,157.0,1780725885151,191970380,0.70
1979.5,6378002127,134.86,157.3,1776563115476,196198068,0.70
1980,6417437580,137.01,157.6,1772327844837,200520569,0.70
1980.5,6456830218,139.20,157.9,1768018867113,204939982,0.71
1981,6496172162,141.44,158.2,1763634957953,209458450,0.71
1981.5,6535455299,143.72,158.5,1759174874574,214078163,0.71
1982,6574671276,146.04,158.8,1754637355560,218801363,0.71
1982.5,6613811495,148.40,159.1,1750021120661,223630339,0.72
1983,6652867102,150.82,159.5,1745324870596,228567433,0.72
1983.5,6691828988,153.27,159.8,1740547286854,233615039,0.72
1984,6730687776,155.78,160.2,1735687031500,238775605,0.72
1984.5,6769433815,158.33,160.6,1730742746983,244051632,0.73
1985,6808057177,160.94,161.0,1725713055946,249445678,0.73
1985.5,6846547647,163.59,161.4,1720596561042,254960359,0.73
1986,6884894712,166.30,161.8,1715391844747,260598347,0.73
1986.5,6923087562,169.07,162.3,1710097469181,266362376,0.74
1987,6961115072,171.88,162.7,1704711975939,272255240,0.74
1987.5,6998965803,174.76,163.2,1699233885910,278279795,0.74
1988,7036627989,177.69,163.7,1693661699120,284438961,0.75
1988.5,7074089527,180.68,164.2,1687993894567,290735724,0.75
1989,7111337972,183.73,164.7,1682228930067,297173135,0.75
1989.5,7148360528,186.85,165.2,1676365242106,303754315,0.76
1990,7185144034,190.03,165.8,1670401245700,310482453,0.76
1990.5,7221674961,193.27,166.3,1664335334256,317360810,0.76
1991,7257939398,196.59,166.9,1658165879455,324392719,0.77
1991.5,7293923042,199.97,167.5,1651891231124,331581588,0.77
1992,7329611189,203.42,168.1,1645509717135,338930900,0.78
1992.5,7364988724,206.95,168.8,1639019643307,346444217,0.78
1993,7400040109,210.55,169.4,1632419293312,354125181,0.78
1993.5,7434749371,214.23,170.1,1625706928609,361977511,0.79
1994,7469100093,217.99,170.8,1618880788372,370005015,0.79
1994.5,7503075399,221.83,171.5,1611939089446,378211580,0.80
1995,7536657943,225.76,172.2,1604880026305,386601185,0.80
1995.5,7569829900,229.77,173.0,1597701771039,395177893,0.80
1996,7602572945,233.87,173.8,1590402473343,403945860,0.81
1996.5,7634868247,238.07,174.6,1582980260531,412909334,0.81
1997,7666696452,242.35,175.4,1575433237572,422072658,0.82
1997.5,7698037669,246.74,176.3,1567759487134,431440273,0.82
1998,7728871457,251.22,177.2,1559957069664,441016715,0.83
1998.5,7759176806,255.81,178.1,1552024023477,450806625,0.83
1999,7788932126,260.50,179.0,1543958364878,460814745,0.84
1999.5,7818115229,265.30,180.0,1535758088305,471045925,0.84
2000,7846703310,270.22,181.0,1527421166502,481505121,0.85
2000.5,7874672935,275.25,182.0,1518945550721,492197399,0.86
2001,7902000019,280.40,183.1,1510329170954,503127940,0.86
2001.5,7928659809,285.67,184.2,1501569936195,514302039,0.87
2002,7954626866,291.08,185.3,1492665734745,525725108,0.87
2002.5,7979875045,296.61,186.5,1483614434549,537402682,0.88
2003,8004377473,302.28,187.7,1474413883573,549340418,0.88
2003.5,8028106532,308.09,188.9,1465061910227,561544097,0.89
2004,8051033834,314.05,190.2,1455556323828,574019632,0.90
2004.5,8073130198,320.16,191.5,1445894915120,586773067,0.90
2005,8094365633,326.43,192.9,1436075456837,599810578,0.91
2005.5,8114709305,332.85,194.3,1426095704325,613138482,0.92
2006,8134129519,339.45,195.7,1415953396223,626763233,0.92
2006.5,8152593690,346.21,197.2,1405646255207,640691433,0.93
2007,8170068319,353.16,198.7,1395171988798,654929827,0.94
2007.5,8186518960,360.29,200.3,1384528290243,669485313,0.95
2008,8201910196,367.62,202.0,1373712839474,684364940,0.95
2008.5,8216205608,375.14,203.7,1362723304143,699575916,0.96
2009,8229367743,382.88,205.4,1351557340748,715125610,0.97
2009.5,8241358080,390.83,207.3,1340212595852,731021552,0.98
2010,8252136999,399.00,209.1,1328686707395,747271442,0.99
2010.5,8261663746,407.41,211.1,1316977306120,763883151,1.00
2011,8269896391,416.06,213.1,1305082017103,780864725,1.00
2011.5,8276791799,424.96,215.2,1292998461412,798224389,1.01
2012,8282305579,434.13,217.4,1280724257893,815970552,1.02
2012.5,8286392053,443.57,219.6,1268257025087,834111809,1.03
2013,8289004205,453.29,221.9,1255594383310,852656946,1.04
2013.5,8290093638,463.32,224.3,1242733956882,871614946,1.05
2014,8289610527,473.66,226.8,1229673376527,890994991,1.06
2014.5,8287503567,484.32,229.4,1216410281963,910806468,1.07
2015,8283719925,495.32,232.1,1202942324683,931058972,1.08
2015.5,8278205178,506.68,234.9,1189267170955,951762313,1.09
2016,8270903264,518.41,237.8,1175382505040,972926517,1.10
2016.5,8261756414,530.53,240.9,1161286032671,994561835,1.12
2017,8250705093,543.06,244.0,1146975484782,1016678747,1.13
2017.5,8237687931,556.02,247.3,1132448621534,1039287963,1.14
2018,8222641656,569.43,250.7,1117703236649,1062400435,1.15
2018.5,8205501013,583.32,254.3,1102737162071,1086027355,1.16
2019,8186198693,597.70,258.0,1087548273000,1110180169,1.18
2019.5,8164665247,612.61,261.9,1072134493314,1134870572,1.19
2020,8143403593,627.88,265.9,1056493801411,1160110524,1.20
2020.5,8122874654,643.47,269.8,1040622731033,1185912249,1.22
2021,8103063919,659.40,273.8,1024517485932,1212288242,1.23
2021.5,8083957224,675.66,277.8,1008174207636,1239251279,1.24
2022,8065540741,692.25,281.8,991588974447,1266814418,1.26
2022.5,8047800165,709.03,285.9,974758185125,1294990097,1.27
2023,8030716704,725.95,289.9,957680551979,1323785334,1.29
2023.5,8014270768,742.99,293.9,940355476876,1353205345,1.30
2024,7998442696,760.13,297.8,922782737599,1383254230,1.32
2024.5,7983212731,777.33,301.7,904962518016,1413934856,1.33
2025,7968561005,794.56,305.6,886895439176,1445248740,1.35
2025.5,7954467516,811.79,309.5,868582591246,1477195928,1.36
2026,7940912110,828.98,313.3,850025566118,1509774869,1.38
2026.5,7927874460,846.08,317.0,831226490542,1542982282,1.39
2027,7915334049,863.05,320.7,812188059565,1576813029,1.41
2027.5,7903270146,879.86,324.3,792913570070,1611259975,1.43
2028,7891661791,896.43,327.8,773406954132,1646313852,1.44
2028.5,7880487775,912.74,331.2,753672811917,1681963129,1.46
2029,7869726619,928.70,334.6,733716443796,1718193873,1.47
2029.5,7859356559,944.28,337.8,713543881306,1754989616,1.49
2030,7849355525,959.41,340.9,693161916576,1792331236,1.50
2030.5,7839701128,974.03,344.0,672578129801,1830196830,1.52
2031,7830370639,988.07,346.8,651800914303,1868561604,1.53
2031.5,7821340974,1001.46,349.6,630839498704,1907397772,1.55
2032,7812588682,1014.15,352.2,609703965722,1946674469,1.56
2032.5,7804089928,1026.05,354.6,588405267066,1986357673,1.58
2033,7795820483,1037.11,356.9,566955233916,2026410150,1.59
2033.5,7787755710,1047.25,359.0,545366582442,2066791421,1.60
2034,7779870552,1056.40,361.0,523652913868,2107457740,1.61
2034.5,7772139530,1064.50,362.7,501828708557,2148362108,1.63
2035,7764536730,1071.48,364.2,479909313645,2189454308,1.64
2035.5,7757035801,1077.28,365.6,457910923794,2230680969,1.65
2036,7749609950,1081.84,366.7,435850554666,2271985660,1.66
2036.5,7742231943,1085.11,367.6,413746008809,2313309016,1.66
2037,7734874107,1087.03,368.3,391615833701,2354588900,1.67
2037.5,7727508332,1087.57,368.7,369479271800,2395760592,1.68
2038,7720106081,1086.67,368.9,347356202563,2436757018,1.68
2038.5,7712638396,1084.31,368.9,325267076474,2477509010,1.69
2039,7705075915,1080.47,368.6,303232841286,2517945598,1.69
2039.5,7697388888,1075.12,368.0,281274860790,2557994330,1.70
2040,7689547194,1068.26,367.2,259414826554,2597581630,1.70
2040.5,7681520369,1059.90,366.2,237674663230,2636633172,1.70
2041,7673277631,1050.03,364.9,216076428161,2675074283,1.70
2041.5,7664787910,1038.67,363.3,194642206120,2712830360,1.70
2042,7656019888,1025.87,361.5,173394000194,2749827304,1.69
2042.5,7646942035,1011.64,359.4,152353619868,2785991961,1.69
2043,7637522657,996.05,357.0,131542567514,2821252571,1.68
2043.5,7627729939,979.15,354.4,110981924534,2855539206,1.68
2044,7617532002,960.99,351.6,90692238460,2888784211,1.67
2044.5,7606896961,941.66,348.5,70693412349,2920922622,1.66
2045,7595792984,921.23,345.2,51004597815,2951892569,1.65
2045.5,7584188357,899.78,341.7,31644092981,2981635656,1.64
2046,7572051555,877.42,338.0,12629246627,3010097303,1.63
2046.5,7559351318,863.17,335.8,0,3037227067,1.62
2047,7546299582,867.04,337.1,0,3063316814,1.62
2047.5,7533387506,870.92,338.5,0,3089043901,1.62
2048,7520614277,874.79,339.8,0,3114418733,1.63
2048.5,7507979067,878.68,341.1,0,3139451430,1.63
2049,7495481029,882.56,342.4,0,3164151835,1.63
2049.5,7483119300,886.45,343.8,0,3188529519,1.63
2050,7470893003,890.34,345.1,0,3212593791,1.63
2050.5,7458801248,894.24,346.4,0,3236353706,1.63
2051,7446843130,898.14,347.7,0,3259818070,1.63
2051.5,7435017736,902.04,349.0,0,3282995450,1.63
2052,7423324140,905.95,350.3,0,3305894178,1.64
2052.5,7411761407,909.85,351.6,0,3328522359,1.64
2053,7400328592,913.77,352.9,0,3350887878,1.64
2053.5,7389024744,917.68,354.2,0,3372998406,1.64
2054,7377848903,921.60,355.5,0,3394861406,1.64
2054.5,7366800104,925.52,356.8,0,3416484138,1.64
2055,7355877375,929.44,358.1,0,3437873666,1.65
2055.5,7345079740,933.37,359.4,0,3459036863,1.65
2056,7334406218,937.30,360.7,0,3479980416,1.65
2056.5,7323855824,941.23,361.9,0,3500710833,1.65
2057,7313427572,945.16,363.2,0,3521234446,1.65
2057.5,7303120470,949.10,364.5,0,3541557418,1.66
2058,7292933527,953.04,365.7,0,3561685745,1.66
2058.5,7282865749,956.98,367.0,0,3581625265,1.66
2059,7272916141,960.93,368.3,0,3601381657,1.66
2059.5,7263083709,964.87,369.5,0,3620960450,1.66
2060,7253367458,968.82,370.8,0,3640367026,1.67
2060.5,7243766393,972.77,372.0,0,3659606623,1.67
2061,7234279519,976.73,373.3,0,3678684341,1.67
2061.5,7224905845,980.68,374.5,0,3697605143,1.67
2062,7215644379,984.64,375.7,0,3716373862,1.67
2062.5,7206494133,988.61,377.0,0,3734995202,1.68
2063,7197454118,992.57,378.2,0,3753473746,1.68
2063.5,7188523352,996.54,379.4,0,3771813952,1.68
2064,7179700852,1000.50,380.6,0,3790020165,1.68
2064.5,7170985640,1004.47,381.9,0,3808096613,1.69
2065,7162376741,1008.45,383.1,0,3826047414,1.69
2065.5,7153873184,1012.42,384.3,0,3843876580,1.69
2066,7145474001,1016.40,385.5,0,3861588016,1.69
2066.5,7137178229,1020.38,386.7,0,3879185528,1.70
2067,7128984910,1024.36,387.9,0,3896672821,1.70
2067.5,7120893088,1028.35,389.1,0,3914053505,1.70
2068,7112901814,1032.33,390.3,0,3931331096,1.70
2068.5,7105010143,1036.32,391.5,0,3948509020,1.71
2069,7097217136,1040.31,392.7,0,3965590613,1.71
2069.5,7089521856,1044.31,393.8,0,3982579129,1.71
2070,7081923376,1048.30,395.0,0,3999477734,1.71
2070.5,7074420771,1052.30,396.2,0,4016289517,1.72
2071,7067013123,1056.30,397.3,0,4033017485,1.72
2071.5,7059699519,1060.30,398.5,0,4049664571,1.72
2072,7052479052,1064.30,399.7,0,4066233631,1.72
2072.5,7045350822,1068.31,400.8,0,4082727450,1.73
2073,7038313933,1072.32,402.0,0,4099148743,1.73
2073.5,7031367496,1076.33,403.1,0,4115500156,1.73
2074,7024510629,1080.34,404.3,0,4131784268,1.73
2074.5,7017742455,1084.36,405.4,0,4148003595,1.74
2075,7011062104,1088.38,406.6,0,4164160586,1.74
2075.5,7004468711,1092.40,407.7,0,4180257634,1.74
2076,6997961419,1096.42,408.8,0,4196297069,1.75
2076.5,6991539376,1100.45,409.9,0,4212281165,1.75
2077,6985201739,1104.47,411.1,0,4228212137,1.75
2077.5,6978947667,1108.50,412.2,0,4244092149,1.75
2078,6972776330,1112.54,413.3,0,4259923309,1.76
2078.5,6966686902,1116.57,414.4,0,4275707675,1.76
2079,6960678564,1120.61,415.5,0,4291447252,1.76
2079.5,6954750503,1124.65,416.6,0,4307144000,1.77
2080,6948901915,1128.69,417.7,0,4322799828,1.77
2080.5,6943132000,1132.73,418.8,0,4338416599,1.77
2081,6937439965,1136.78,419.9,0,4353996134,1.77
2081.5,6931825023,1140.83,421.0,0,4369540206,1.78
2082,6926286397,1144.88,422.1,0,4385050548,1.78
2082.5,6920823312,1148.94,423.2,0,4400528851,1.78
2083,6915435003,1152.99,424.2,0,4415976765,1.79
2083.5,6910120709,1157.05,425.3,0,4431395902,1.79
2084,6904879677,1161.12,426.4,0,4446787835,1.79
2084.5,6899711161,1165.18,427.4,0,4462154099,1.80
2085,6894614419,1169.25,428.5,0,4477496195,1.80
2085.5,6889588718,1173.32,429.6,0,4492815586,1.80
2086,6884633330,1177.39,430.6,0,4508113704,1.81
2086.5,6879747535,1181.47,431.7,0,4523391945,1.81
2087,6874930617,1185.55,432.7,0,4538651674,1.81
2087.5,6870181868,1189.63,433.8,0,4553894225,1.81
2088,6865500586,1193.72,434.8,0,4569120900,1.82
2088.5,6860886075,1197.80,435.8,0,4584332972,1.82
2089,6856337646,1201.89,436.9,0,4599531684,1.82
2089.5,6851854615,1205.99,437.9,0,4614718251,1.83
2090,6847436305,1210.08,438.9,0,4629893863,1.83
2090.5,6843082046,1214.18,440.0,0,4645059679,1.83
2091,6838791171,1218.29,441.0,0,4660216836,1.84
2091.5,6834563022,1222.39,442.0,0,4675366442,1.84
2092,6830396946,1226.50,443.0,0,4690509583,1.84
2092.5,6826292297,1230.62,444.0,0,4705647321,1.85
2093,6822248432,1234.73,445.0,0,4720780692,1.85
2093.5,6818264718,1238.85,446.0,0,4735910712,1.85
2094,6814340524,1242.97,447.0,0,4751038374,1.86
2094.5,6810475227,1247.10,448.0,0,4766164649,1.86
2095,6806668210,1251.23,449.0,0,4781290487,1.86
2095.5,6802918860,1255.36,450.0,0,4796416818,1.87
2096,6799226570,1259.49,451.0,0,4811544553,1.87
2096.5,6795590740,1263.63,452.0,0,4826674582,1.87
2097,6792010775,1267.78,452.9,0,4841807777,1.88
2097.5,6788486084,1271.92,453.9,0,4856944991,1.88
2098,6785016084,1276.07,454.9,0,4872087060,1.88
2098.5,6781600195,1280.23,455.9,0,4887234803,1.89
2099,6778237844,1284.38,456.8,0,4902389020,1.89
2099.5,6774928462,1288.55,457.8,0,4917550497,1.90
2100,6771671487,1292.71,458.7,0,4932720002,1.90
