year,persistent_pollution_bau,persistent_pollution_ai,pct_change_pollution,ai_output_usd,ai_pollution_generation
1900,25000000,25000000,0.00,0,0.00
1900.5,25140000,25140000,0.00,0,0.00
1901,25291958,25291958,0.00,0,0.00
1901.5,25455901,25455901,0.00,0,0.00
1902,25631865,25631865,0.00,0,0.00
1902.5,25819890,25819890,0.00,0,0.00
1903,26020025,26020025,0.00,0,0.00
1903.5,26232322,26232322,0.00,0,0.00
1904,26456844,26456844,0.00,0,0.00
1904.5,26693656,26693656,0.00,0,0.00
1905,26942834,26942834,0.00,0,0.00
1905.5,27204457,27204457,0.00,0,0.00
1906,27478612,27478612,0.00,0,0.00
1906.5,27765391,27765391,0.00,0,0.00
1907,28064896,28064896,0.00,0,0.00
1907.5,28377231,28377231,0.00,0,0.00
1908,28702510,28702510,0.00,0,0.00
1908.5,29040852,29040852,0.00,0,0.00
1909,29392383,29392383,0.00,0,0.00
1909.5,29757236,29757236,0.00,0,0.00
1910,30135549,30135549,0.00,0,0.00
1910.5,30527468,30527468,0.00,0,0.00
1911,30933146,30933146,0.00,0,0.00
1911.5,31352742,31352742,0.00,0,0.00
1912,31786422,31786422,0.00,0,0.00
1912.5,32234360,32234360,0.00,0,0.00
1913,32696734,32696734,0.00,0,0.00
1913.5,33173731,33173731,0.00,0,0.00
1914,33665546,33665546,0.00,0,0.00
1914.5,34172379,34172379,0.00,0,0.00
1915,34694439,34694439,0.00,0,0.00
1915.5,35231940,35231940,0.00,0,0.00
1916,35785105,35785105,0.00,0,0.00
1916.5,36354164,36354164,0.00,0,0.00
1917,36939354,36939354,0.00,0,0.00
1917.5,37540921,37540921,0.00,0,0.00
1918,38159116,38159116,0.00,0,0.00
1918.5,38794201,38794201,0.00,0,0.00
1919,39446443,39446443,0.00,0,0.00
1919.5,40116119,40116119,0.00,0,0.00
1920,40803512,40803512,0.00,0,0.00
1920.5,41508916,41508916,0.00,0,0.00
1921,42232630,42232630,0.00,0,0.00
1921.5,42974964,42974964,0.00,0,0.00
1922,43736235,43736235,0.00,0,0.00
1922.5,44516769,44516769,0.00,0,0.00
1923,45316901,45316901,0.00,0,0.00
1923.5,46136976,46136976,0.00,0,0.00
1924,46977345,46977345,0.00,0,0.00
1924.5,47838372,47838372,0.00,0,0.00
1925,48720427,48720427,0.00,0,0.00
1925.5,49623892,49623892,0.00,0,0.00
1926,50549156,50549156,0.00,0,0.00
1926.5,51496622,51496622,0.00,0,0.00
1927,52466697,52466697,0.00,0,0.00
1927.5,53459805,53459805,0.00,0,0.00
1928,54476375,54476375,0.00,0,0.00
1928.5,55516848,55516848,0.00,0,0.00
1929,56581677,56581677,0.00,0,0.00
1929.5,57671325,57671325,0.00,0,0.00
1930,58786266,58786266,0.00,0,0.00
1930.5,59926985,59926985,0.00,0,0.00
1931,61093979,61093979,0.00,0,0.00
1931.5,62287757,62287757,0.00,0,0.00
1932,63508839,63508839,0.00,0,0.00
1932.5,64757758,64757758,0.00,0,0.00
1933,66035058,66035058,0.00,0,0.00
1933.5,67341298,67341298,0.00,0,0.00
1934,68677047,68677047,0.00,0,0.00
1934.5,70042890,70042890,0.00,0,0.00
1935,71439423,71439423,0.00,0,0.00
1935.5,72867257,72867257,0.00,0,0.00
1936,74327015,74327015,0.00,0,0.00
1936.5,75819337,75819337,0.00,0,0.00
1937,77344875,77344875,0.00,0,0.00
1937.5,78904297,78904297,0.00,0,0.00
1938,80498285,80498285,0.00,0,0.00
1938.5,82127537,82127537,0.00,0,0.00
1939,83792767,83792767,0.00,0,0.00
1939.5,85494703,85494703,0.00,0,0.00
1940,87234091,87234091,0.00,0,0.00
1940.5,89011694,89011694,0.00,0,0.00
1941,90828289,90828289,0.00,0,0.00
1941.5,92684673,92684673,0.00,0,0.00
1942,94581659,94581659,0.00,0,0.00
1942.5,96520079,96520079,0.00,0,0.00
1943,98500782,98500782,0.00,0,0.00
1943.5,100524637,100524637,0.00,0,0.00
1944,102592531,102592531,0.00,0,0.00
1944.5,104705370,104705370,0.00,0,0.00
1945,106864082,106864082,0.00,0,0.00
1945.5,109069612,109069612,0.00,0,0.00
1946,111322928,111322928,0.00,0,0.00
1946.5,113625019,113625019,0.00,0,0.00
1947,115976893,115976893,0.00,0,0.00
1947.5,118379583,118379583,0.00,0,0.00
1948,120834142,120834142,0.00,0,0.00
1948.5,123341647,123341647,0.00,0,0.00
1949,125903198,125903198,0.00,0,0.00
1949.5,128519919,128519919,0.00,0,0.00
1950,131192958,131192958,0.00,0,0.00
1950.5,133923487,133923487,0.00,0,0.00
1951,136712705,136712705,0.00,0,0.00
1951.5,139561836,139561836,0.00,0,0.00
1952,142472129,142472129,0.00,0,0.00
1952.5,145444862,145444862,0.00,0,0.00
1953,148481338,148481338,0.00,0,0.00
1953.5,151582891,151582891,0.00,0,0.00
1954,154750881,154750881,0.00,0,0.00
1954.5,157986698,157986698,0.00,0,0.00
1955,161291763,161291763,0.00,0,0.00
1955.5,164667525,164667525,0.00,0,0.00
1956,168115467,168115467,0.00,0,0.00
1956.5,171637100,171637100,0.00,0,0.00
1957,175233971,175233971,0.00,0,0.00
1957.5,178907658,178907658,0.00,0,0.00
1958,182659773,182659773,0.00,0,0.00
1958.5,186491963,186491963,0.00,0,0.00
1959,190405909,190405909,0.00,0,0.00
1959.5,194403330,194403330,0.00,0,0.00
1960,198485978,198485978,0.00,0,0.00
1960.5,202655647,202655647,0.00,0,0.00
1961,206914165,206914165,0.00,0,0.00
1961.5,211263402,211263402,0.00,0,0.00
1962,215705267,215705267,0.00,0,0.00
1962.5,220241708,220241708,0.00,0,0.00
1963,224874716,224874716,0.00,0,0.00
1963.5,229606325,229606325,0.00,0,0.00
1964,234438611,234438611,0.00,0,0.00
1964.5,239373695,239373695,0.00,0,0.00
1965,244413742,244413742,0.00,0,0.00
1965.5,249560965,249560965,0.00,0,0.00
1966,254817621,254817621,0.00,0,0.00
1966.5,260186019,260186019,0.00,0,0.00
1967,265668513,265668513,0.00,0,0.00
1967.5,271267510,271267510,0.00,0,0.00
1968,276985467,276985467,0.00,0,0.00
1968.5,282824892,282824892,0.00,0,0.00
1969,288788350,288788350,0.00,0,0.00
1969.5,294878456,294878456,0.00,0,0.00
1970,301097883,301097883,0.00,0,0.00
1970.5,307449360,307449360,0.00,0,0.00
1971,313935675,313935675,0.00,0,0.00
1971.5,320559674,320559674,0.00,0,0.00
1972,327324263,327324263,0.00,0,0.00
1972.5,334232412,334232412,0.00,0,0.00
1973,341287151,341287151,0.00,0,0.00
1973.5,348491577,348491577,0.00,0,0.00
1974,355848850,355848850,0.00,0,0.00
1974.5,363362200,363362200,0.00,0,0.00
1975,371034923,371034923,0.00,0,0.00
1975.5,378870387,378870387,0.00,0,0.00
1976,386872028,386872028,0.00,0,0.00
1976.5,395043360,395043360,0.00,0,0.00
1977,403387967,403387967,0.00,0,0.00
1977.5,411909510,411909510,0.00,0,0.00
1978,420611730,420611730,0.00,0,0.00
1978.5,429498445,429498445,0.00,0,0.00
1979,438573554,438573554,0.00,0,0.00
1979.5,447841040,447841040,0.00,0,0.00
1980,457304969,457304969,0.00,0,0.00
1980.5,466969494,466969494,0.00,0,0.00
1981,476838855,476838855,0.00,0,0.00
1981.5,486917383,486917383,0.00,0,0.00
1982,497209501,497209501,0.00,0,0.00
1982.5,507719725,507719725,0.00,0,0.00
1983,518452666,518452666,0.00,0,0.00
1983.5,529413034,529413034,0.00,0,0.00
1984,540605638,540605638,0.00,0,0.00
1984.5,552035390,552035390,0.00,0,0.00
1985,563707304,563707304,0.00,0,0.00
1985.5,575626502,575626502,0.00,0,0.00
1986,587798215,587798215,0.00,0,0.00
1986.5,600227781,600227781,0.00,0,0.00
1987,612920657,612920657,0.00,0,0.00
1987.5,625882410,625882410,0.00,0,0.00
1988,639118728,639118728,0.00,0,0.00
1988.5,652635420,652635420,0.00,0,0.00
1989,666438415,666438415,0.00,0,0.00
1989.5,680533770,680533770,0.00,0,0.00
1990,694927670,694927670,0.00,0,0.00
1990.5,709626431,709626431,0.00,0,0.00
1991,724636502,724636502,0.00,0,0.00
1991.5,739964468,739964468,0.00,0,0.00
1992,755617056,755617056,0.00,0,0.00
1992.5,771601133,771601133,0.00,0,0.00
1993,787923712,787923712,0.00,0,0.00
1993.5,804591956,804591956,0.00,0,0.00
1994,821613177,821613177,0.00,0,0.00
1994.5,838994845,838994845,0.00,0,0.00
1995,856744585,856744585,0.00,0,0.00
1995.5,874870186,874870186,0.00,0,0.00
1996,893379600,893379600,0.00,0,0.00
1996.5,912280948,912280948,0.00,0,0.00
1997,931582525,931582525,0.00,0,0.00
1997.5,951292798,951292798,0.00,0,0.00
1998,971420415,971420415,0.00,0,0.00
1998.5,991974208,991974208,0.00,0,0.00
1999,1012963196,1012963196,0.00,0,0.00
1999.5,1034396586,1034396586,0.00,0,0.00
2000,1056283784,1056283784,0.00,0,0.00
2000.5,1078634392,1078634392,0.00,0,0.00
2001,1101458217,1101458217,0.00,0,0.00
2001.5,1124765273,1124765273,0.00,0,0.00
2002,1148565786,1148565786,0.00,0,0.00
2002.5,1172870199,1172870199,0.00,0,0.00
2003,1197689175,1197689175,0.00,0,0.00
2003.5,1223033603,1223033603,0.00,0,0.00
2004,1248914605,1248914605,0.00,0,0.00
2004.5,1275343535,1275343535,0.00,0,0.00
2005,1302331988,1302331988,0.00,0,0.00
2005.5,1329891807,1329891807,0.00,0,0.00
2006,1358035083,1358035083,0.00,0,0.00
2006.5,1386765059,1386765059,0.00,0,0.00
2007,1416069079,1416069079,0.00,0,0.00
2007.5,1445930991,1445930991,0.00,0,0.00
2008,1476331066,1476331066,0.00,0,0.00
2008.5,1507245756,1507245756,0.00,0,0.00
2009,1538647460,1538647460,0.00,0,0.00
2009.5,1570504302,1570504302,0.00,0,0.00
2010,1602779927,1602779927,0.00,0,0.00
2010.5,1635433323,1635433323,0.00,0,0.00
2011,1668418661,1668418661,0.00,0,0.00
2011.5,1701685186,1701685186,0.00,0,0.00
2012,1735177133,1735177133,0.00,0,0.00
2012.5,1768833703,1768833703,0.00,0,0.00
2013,1802589086,1802589086,0.00,0,0.00
2013.5,1836372548,1836372548,0.00,0,0.00
2014,1870108584,1870108584,0.00,0,0.00
2014.5,1903717145,1903717145,0.00,0,0.00
2015,1937113934,1937113934,0.00,0,0.00
2015.5,1970210790,1970210790,0.00,0,0.00
2016,2002916145,2002916145,0.00,0,0.00
2016.5,2035135563,2035135563,0.00,0,0.00
2017,2066772361,2066772361,0.00,0,0.00
2017.5,2097728299,2097728299,0.00,0,0.00
2018,2127904336,2127904336,0.00,0,0.00
2018.5,2157201454,2157201454,0.00,0,0.00
2019,2185521514,2185521514,0.00,0,0.00
2019.5,2212768162,2212768162,0.00,0,0.00
2020,2238847749,2238027461,-0.04,37184446902,4276.21
2020.5,2263670250,2262748274,-0.04,36940437643,1627012.33
2021,2287150177,2286828007,-0.01,36652212929,3231507.60
2021.5,2309207457,2310167793,0.04,36321184959,4811982.04
2022,2329768262,2332673413,0.12,35948910749,6362879.58
2022.5,2348765768,2354256137,0.23,35537042749,7878891.67
2023,2366140840,2374833469,0.37,35087277874,9354967.55
2023.5,2381842610,2394329786,0.52,34601307117,10786311.26
2024,2395828953,2412676840,0.70,34080768088,12168366.18
2024.5,2408066837,2429814119,0.90,33527202838,13496788.77
2025,2418532555,2445689069,1.12,32942023289,14767413.96
2025.5,2427211824,2460257148,1.36,32326486342,15976215.69
2026,2434099750,2473481752,1.62,31681680476,17119266.23
2026.5,2439200677,2485333985,1.89,31008525149,18192698.97
2027,2442527912,2495792313,2.18,30307783803,19192679.07
2027.5,2444103334,2504842104,2.49,29580090587,20115386.68
2028,2443956915,2512475090,2.80,28825990210,20957016.61
2028.5,2442126146,2518688756,3.14,28045989561,21713798.14
2029,2438655395,2523485703,3.48,27240618960,22382037.09
2029.5,2433595213,2526873000,3.83,26410500187,22958181.17
2030,2427001595,2528861558,4.20,25556417786,23438908.00
2030.5,2418935222,2529465541,4.57,24679389684,23821233.30
2031,2409460694,2528701847,4.95,23780732837,24102635.13
2031.5,2398645763,2526589670,5.33,22862119626,24281188.23
2032,2386560593,2523150153,5.72,21925620929,24355701.03
2032.5,2373277043,2518406139,6.12,20973732371,24325847.21
2033,2358867992,2512382024,6.51,20009381061,24192282.74
2033.5,2343406704,2505018738,6.90,19035911233,23786833.99
2034,2326966256,2496186914,7.27,18057048442,22965921.70
2034.5,2309619013,2485938585,7.63,17076843358,22087975.08
2035,2291436161,2474328652,7.98,16099597489,21161260.25
2035.5,2272487306,2461414646,8.31,15129774386,20194397.03
2036,2252840123,2447256469,8.63,14171900810,19196237.08
2036.5,2232560070,2431916136,8.93,13230462925,18175723.23
2037,2211710149,2415457479,9.21,12309802825,17141737.54
2037.5,2190350723,2397945829,9.48,11414020479,16102946.68
2038,2168539379,2379447669,9.73,10546885657,15067652.40
2038.5,2146330833,2360030260,9.96,9711763506,14043654.51
2039,2123776877,2339761247,10.17,8911556434,13038132.20
2039.5,2100926355,2318708261,10.37,8148663752,12057548.21
2040,2077825176,2296938503,10.55,7424959454,11107578.49
2040.5,2054516347,2274518353,10.71,6741787405,10193068.35
2041,2031040032,2252172556,10.89,6663260590,10178465.39
2041.5,2007662974,2229988125,11.07,6652827052,10264477.16
2042,1984421465,2207961843,11.26,6634734370,10336332.36
2042.5,1961319794,2186090564,11.46,6609382449,10394426.52
2043,1938362002,2164371267,11.66,6577208243,10439242.63
2043.5,1915551893,2142801088,11.86,6538674712,10471334.61
2044,1892893037,2121377354,12.07,6494260714,10491311.38
2044.5,1870388782,2100097603,12.28,6444451981,10499821.89
2045,1848042262,2078959597,12.50,6389733284,10497541.44
2045.5,1825856408,2057961329,12.71,6330581805,10485159.46
2046,1803833947,2037101031,12.93,6267461689,10463368.92
2046.5,1781977420,2016377161,13.15,6200819728,10432857.23
2047,1760289182,1995788408,13.38,6131082069,10394298.74
2047.5,1738771413,1975333673,13.61,6058651844,10348348.65
2048,1717426120,1955012063,13.83,5983907619,10295638.29
2048.5,1696255150,1934822876,14.06,5907202520,10236771.54
2049,1675260192,1914765584,14.30,5828863945,10172322.35
2049.5,1654442784,1894839821,14.53,5749193747,10102833.11
2050,1633804318,1875045367,14.77,5668468785,10028813.86
2050.5,1613346048,1855382130,15.00,5586941767,9950741.98
2051,1593069096,1835850134,15.24,5504842308,9869062.59
2051.5,1572974452,1816449501,15.48,5422378127,9784189.17
2052,1553062986,1797180440,15.72,5339736353,9696504.59
2052.5,1533335448,1778043232,15.96,5257084871,9606362.38
2053,1513792476,1759038219,16.20,5174573692,9514088.04
2053.5,1494434598,1740165791,16.44,5092336304,9419980.65
2054,1475262239,1721426374,16.69,5010490999,9324314.31
2054.5,1456275725,1702820426,16.93,4929142148,9227339.83
2055,1437475285,1684348422,17.17,4848381410,9129286.20
2055.5,1418861056,1666010848,17.42,4768288886,9030362.21
2056,1400433090,1647808194,17.66,4688934193,8930757.86
2056.5,1382191354,1629740949,17.91,4610377464,8830645.87
2057,1364135733,1611809593,18.16,4532670284,8730182.96
2057.5,1346266039,1594014592,18.40,4455856541,8629511.18
2058,1328582009,1576356397,18.65,4379973217,8528759.10
2058.5,1311083310,1558835434,18.90,4305051104,8428042.95
2059,1293769544,1541452106,19.14,4231115466,8327467.63
2059.5,1276640247,1524206789,19.39,4158186633,8227127.75
2060,1259694897,1507099828,19.64,4086280544,8127108.45
2060.5,1242932914,1490131536,19.89,4015409234,8027486.28
2061,1226353661,1473302193,20.14,3945581281,7928329.97
2061.5,1209956451,1456612044,20.39,3876802201,7829701.07
2062,1193740546,1440061296,20.63,3809074808,7731654.67
2062.5,1177705163,1423650123,20.88,3742399539,7634239.93
2063,1161849472,1407378658,21.13,3676774737,7537500.63
2063.5,1146172600,1391246999,21.38,3612196916,7441475.66
2064,1130673638,1375255205,21.63,3548660987,7346199.49
2064.5,1115351634,1359403299,21.88,3486160471,7251702.53
2065,1100205603,1343691265,22.13,3424687677,7158011.54
2065.5,1085234525,1328119051,22.38,3364233872,7065149.94
2066,1070437348,1312686568,22.63,3304789425,6973138.13
2066.5,1055812990,1297393689,22.88,3246343937,6881993.75
2067,1041360342,1282240256,23.13,3188886359,6791731.97
2067.5,1027078265,1267226072,23.38,3132405093,6702365.66
2068,1012965598,1252350907,23.63,3076888084,6613905.68
2068.5,999021155,1237614499,23.88,3022322901,6526360.97
2069,985243729,1223016552,24.13,2968696808,6439738.80
2069.5,971632092,1208556739,24.38,2915996827,6354044.90
2070,958184998,1194234738,24.64,2864209797,6269354.96
2070.5,944901181,1180050124,24.89,2813322417,6185529.33
2071,931779362,1166002481,25.14,2763321295,6102641.19
2071.5,918818244,1152091364,25.39,2714192985,6020691.41
2072,906016519,1138316302,25.64,2665924018,5939679.89
2072.5,893372864,1124676796,25.89,2618500931,5859605.67
2073,880885946,1111172323,26.14,2571910299,5780467.00
2073.5,868554420,1097802335,26.39,2526138748,5702261.43
2074,856376934,1084566263,26.65,2481172982,5624985.87
2074.5,844352125,1071463511,26.90,2436999795,5548636.62
2075,832478624,1058493466,27.15,2393606087,5473209.47
2075.5,820755056,1045655493,27.40,2350978878,5398699.75
2076,809180039,1032948935,27.65,2309105318,5325102.32
2076.5,797752187,1020373118,27.91,2267972692,5252411.67
2077,786470111,1007927351,28.16,2227568433,5180621.94
2077.5,775332416,995610924,28.41,2187880127,5109726.94
2078,764337708,983423110,28.66,2148895517,5039720.20
2078.5,753484588,971363170,28.92,2110602506,4970595.01
2079,742771658,959430345,29.17,2072989165,4902344.40
2079.5,732197521,947623867,29.42,2036043732,4834961.22
2080,721760775,935942951,29.67,1999754614,4768438.14
2080.5,711460025,924386802,29.93,1964110389,4702767.64
2081,701293874,912954610,30.18,1929099809,4637942.08
2081.5,691260927,901645557,30.43,1894711799,4573953.70
2082,681359792,890458814,30.69,1860935453,4510794.62
2082.5,671589080,879393539,30.94,1827760040,4448456.87
2083,661947407,868448886,31.20,1795175002,4386932.40
2083.5,652433389,857623995,31.45,1763169949,4326213.08
2084,643045650,846918002,31.70,1731734662,4266290.74
2084.5,633782818,836330034,31.96,1700859091,4207157.17
2085,624643524,825859211,32.21,1670533351,4148804.09
2085.5,615626407,815504647,32.47,1640747726,4091223.23
2086,606730111,805265449,32.72,1611492659,4034406.29
2086.5,597953286,795140722,32.98,1582758759,3978344.95
2087,589294589,785129562,33.23,1554536792,3923030.89
2087.5,580752683,775231064,33.49,1526817682,3868455.80
2088,572326238,765444317,33.74,1499592512,3814611.36
2088.5,564013933,755768408,34.00,1472852514,3761489.30
2089,555814452,746202421,34.25,1446589075,3709081.33
2089.5,547726491,736745437,34.51,1420793731,3657379.20
2090,539748748,727396533,34.77,1395458162,3606374.70
2090.5,531879936,718154789,35.02,1370574198,3556059.64
2091,524118772,709019278,35.28,1346133808,3506425.87
2091.5,516463982,699989077,35.53,1322129103,3457465.26
2092,508914303,691063259,35.79,1298552332,3409169.76
2092.5,501468479,682240898,36.05,1275395879,3361531.35
2093,494125266,673521067,36.31,1252652265,3314542.03
2093.5,486883425,664902841,36.56,1230314141,3268193.90
2094,479741729,656385295,36.82,1208374286,3222479.08
2094.5,472698962,647967504,37.08,1186825608,3177389.74
2095,465753915,639648545,37.34,1165661141,3132918.14
2095.5,458905390,631427497,37.59,1144874042,3089056.57
2096,452152199,623303438,37.85,1124457588,3045797.40
2096.5,445493164,615275452,38.11,1104405175,3003133.03
2097,438927116,607342623,38.37,1084710317,2961055.96
2097.5,432452897,599504036,38.63,1065366644,2919558.73
2098,426069360,591758782,38.89,1046367896,2878633.96
2098.5,419775366,584105952,39.15,1027707927,2838274.32
2099,413569790,576544641,39.41,1009380698,2798472.56
2099.5,407451512,569073949,39.67,991380280,2759221.50
2100,401419428,561692976,39.93,973700846,2720514.01
